[
  {
    "departamento": "ANTIOQUIA",
    "codigo": "05",
    "municipios": [
      "ABEJORRAL",
      "ABRIAQUÍ",
      "ALEJANDRÍA",
      "AMAGÁ",
      "AMALFI",
      "ANDES",
      "ANGELÓPOLIS",
      "ANGOSTURA",
      "ANORÍ",
      "ANZA",
      "APARTADÓ",
      "ARBOLETES",
      "ARGELIA",
      "ARMENIA",
      "BARBOSA",
      "BELLO",
      "BELMIRA",
      "BETANIA",
      "BETULIA",
      "BRICEÑO",
      "BURITICÁ",
      "CÁCERES",
      "CAICEDO",
      "CALDAS",
      "CAMPAMENTO",
      "CAÑASGORDAS",
      "CARACOLÍ",
      "CARAMANTA",
      "CAREPA",
      "CAROLINA",
      "CAUCASIA",
      "CHIGORODÓ",
      "CISNEROS",
      "CIUDAD BOLÍVAR",
      "COCORNÁ",
      "CONCEPCIÓN",
      "CONCORDIA",
      "COPACABANA",
      "DABEIBA",
      "DON MATÍAS",
      "EBÉJICO",
      "EL BAGRE",
      "EL CARMEN DE VIBORAL",
      "EL SANTUARIO",
      "ENTRERRIOS",
      "ENVIGADO",
      "FREDONIA",
      "FRONTINO",
      "GIRALDO",
      "GIRARDOTA",
      "GÓMEZ PLATA",
      "GRANADA",
      "GUADALUPE",
      "GUARNE",
      "GUATAPÉ",
      "HELICONIA",
      "HISPANIA",
      "ITAGUI",
      "ITUANGO",
      "JARDÍN",
      "JERICÓ",
      "LA CEJA",
      "LA ESTRELLA",
      "LA PINTADA",
      "LA UNIÓN",
      "LIBORINA",
      "MACEO",
      "MARINILLA",
      "MEDELLÍN",
      "MONTEBELLO",
      "MURINDÓ",
      "MUTATÁ",
      "NARIÑO",
      "NECHÍ",
      "NECOCLÍ",
      "OLAYA",
      "PEÑOL",
      "PEQUE",
      "PUEBLORRICO",
      "PUERTO BERRÍO",
      "PUERTO NARE",
      "PUERTO TRIUNFO",
      "REMEDIOS",
      "RETIRO",
      "RIONEGRO",
      "SABANALARGA",
      "SABANETA",
      "SALGAR",
      "SAN ANDRÉS DE CUERQUÍA",
      "SAN CARLOS",
      "SAN FRANCISCO",
      "SAN JERÓNIMO",
      "SAN JOSÉ DE LA MONTAÑA",
      "SAN JUAN DE URABÁ",
      "SAN LUIS",
      "SAN PEDRO",
      "SAN PEDRO DE URABA",
      "SAN RAFAEL",
      "SAN ROQUE",
      "SAN VICENTE",
      "SANTA BÁRBARA",
      "SANTA ROSA DE OSOS",
      "SANTAFÉ DE ANTIOQUIA",
      "SANTO DOMINGO",
      "SEGOVIA",
      "SONSÓN",
      "SOPETRÁN",
      "TÁMESIS",
      "TARAZÁ",
      "TARSO",
      "TITIRIBÍ",
      "TOLEDO",
      "TURBO",
      "URAMITA",
      "URRAO",
      "VALDIVIA",
      "VALPARAÍSO",
      "VEGACHÍ",
      "VENECIA",
      "VIGÍA DEL FUERTE",
      "YALÍ",
      "YARUMAL",
      "YOLOMBÓ",
      "YONDÓ",
      "ZARAGOZA"
    ]
  },
  {
    "departamento": "ATLÁNTICO",
    "codigo": "08",
    "municipios": [
      "BARANOA",
      "BARRANQUILLA",
      "CAMPO DE LA CRUZ",
      "CANDELARIA",
      "GALAPA",
      "JUAN DE ACOSTA",
      "LURUACO",
      "MALAMBO",
      "MANATÍ",
      "PALMAR DE VARELA",
      "PIOJÓ",
      "POLONUEVO",
      "PONEDERA",
      "PUERTO COLOMBIA",
      "REPELÓN",
      "SABANAGRANDE",
      "SABANALARGA",
      "SANTA LUCÍA",
      "SANTO TOMÁS",
      "SOLEDAD",
      "SUAN",
      "TUBARÁ",
      "USIACURÍ"
    ]
  },
  {
    "departamento": "BOGOTÁ D.C.",
    "codigo": "11",
    "municipios": [
      "BOGOTÁ D.C."
    ]
  },
  {
    "departamento": "BOLÍVAR",
    "codigo": "13",
    "municipios": [
      "ACHÍ",
      "ALTOS DEL ROSARIO",
      "ARENAL",
      "ARJONA",
      "ARROYOHONDO",
      "BARRANCO DE LOBA",
      "CALAMAR",
      "CANTAGALLO",
      "CARTAGENA",
      "CICUCO",
      "CLEMENCIA",
      "CÓRDOBA",
      "EL CARMEN DE BOLÍVAR",
      "EL GUAMO",
      "EL PEÑÓN",
      "HATILLO DE LOBA",
      "MAGANGUÉ",
      "MAHATES",
      "MARGARITA",
      "MARÍA LA BAJA",
      "MOMPÓS",
      "MONTECRISTO",
      "MORALES",
      "NOROSÍ",
      "PINILLOS",
      "REGIDOR",
      "RÍO VIEJO",
      "SAN CRISTÓBAL",
      "SAN ESTANISLAO",
      "SAN FERNANDO",
      "SAN JACINTO",
      "SAN JACINTO DEL CAUCA",
      "SAN JUAN NEPOMUCENO",
      "SAN MARTÍN DE LOBA",
      "SAN PABLO DE BORBUR",
      "SANTA CATALINA",
      "SANTA ROSA",
      "SANTA ROSA DEL SUR",
      "SIMITÍ",
      "SOPLAVIENTO",
      "TALAIGUA NUEVO",
      "TIQUISIO",
      "TURBACO",
      "TURBANÁ",
      "VILLANUEVA",
      "ZAMBRANO"
    ]
  },
  {
    "departamento": "BOYACÁ",
    "codigo": "15",
    "municipios": [
      "ALMEIDA",
      "AQUITANIA",
      "ARCABUCO",
      "BELÉN",
      "BERBEO",
      "BETÉITIVA",
      "BOAVITA",
      "BOYACÁ",
      "BRICEÑO",
      "BUENA VISTA",
      "BUSBANZÁ",
      "CALDAS",
      "CAMPOHERMOSO",
      "CERINZA",
      "CHINAVITA",
      "CHIQUINQUIRÁ",
      "CHÍQUIZA",
      "CHISCAS",
      "CHITA",
      "CHITARAQUE",
      "CHIVATÁ",
      "CHIVOR",
      "CIÉNEGA",
      "CÓMBITA",
      "COPER",
      "CORRALES",
      "COVARACHÍA",
      "CUBARÁ",
      "CUCAITA",
      "CUÍTIVA",
      "DUITAMA",
      "EL COCUY",
      "EL ESPINO",
      "FIRAVITOBA",
      "FLORESTA",
      "GACHANTIVÁ",
      "GAMEZA",
      "GARAGOA",
      "GUACAMAYAS",
      "GUATEQUE",
      "GUAYATÁ",
      "GÜICÁN",
      "IZA",
      "JENESANO",
      "JERICÓ",
      "LA CAPILLA",
      "LA UVITA",
      "LA VICTORIA",
      "LABRANZAGRANDE",
      "MACANAL",
      "MARIPÍ",
      "MIRAFLORES",
      "MONGUA",
      "MONGUÍ",
      "MONIQUIRÁ",
      "MOTAVITA",
      "MUZO",
      "NOBSA",
      "NUEVO COLÓN",
      "OICATÁ",
      "OTANCHE",
      "PACHAVITA",
      "PÁEZ",
      "PAIPA",
      "PAJARITO",
      "PANQUEBA",
      "PAUNA",
      "PAYA",
      "PAZ DE RÍO",
      "PESCA",
      "PISBA",
      "PUERTO BOYACÁ",
      "QUÍPAMA",
      "RAMIRIQUÍ",
      "RÁQUIRA",
      "RONDÓN",
      "SABOYÁ",
      "SÁCHICA",
      "SAMACÁ",
      "SAN EDUARDO",
      "SAN JOSÉ DE PARE",
      "SAN LUIS DE GACENO",
      "SAN MATEO",
      "SAN MIGUEL DE SEMA",
      "SAN PABLO DE BORBUR",
      "SANTA MARÍA",
      "SANTA ROSA DE VITERBO",
      "SANTA SOFÍA",
      "SANTANA",
      "SATIVANORTE",
      "SATIVASUR",
      "SIACHOQUE",
      "SOATÁ",
      "SOCHA",
      "SOCOTÁ",
      "SOGAMOSO",
      "SOMONDOCO",
      "SORA",
      "SORACÁ",
      "SOTAQUIRÁ",
      "SUSACÓN",
      "SUTAMARCHÁN",
      "SUTATENZA",
      "TASCO",
      "TENZA",
      "TIBANÁ",
      "TIBASOSA",
      "TINJACÁ",
      "TIPACOQUE",
      "TOCA",
      "TOGÜÍ",
      "TÓPAGA",
      "TOTA",
      "TUNJA",
      "TUNUNGUÁ",
      "TURMEQUÉ",
      "TUTA",
      "TUTAZÁ",
      "UMBITA",
      "VENTAQUEMADA",
      "VILLA DE LEYVA",
      "VIRACACHÁ",
      "ZETAQUIRA"
    ]
  },
  {
    "departamento": "CALDAS",
    "codigo": "17",
    "municipios": [
      "AGUADAS",
      "ANSERMA",
      "ARANZAZU",
      "BELALCÁZAR",
      "CHINCHINÁ",
      "FILADELFIA",
      "LA DORADA",
      "LA MERCED",
      "MANIZALES",
      "MANZANARES",
      "MARMATO",
      "MARQUETALIA",
      "MARULANDA",
      "NEIRA",
      "NORCASIA",
      "PÁCORA",
      "PALESTINA",
      "PENSILVANIA",
      "RIOSUCIO",
      "RISARALDA",
      "SALAMINA",
      "SAMANÁ",
      "SAN JOSÉ",
      "SUPÍA",
      "VICTORIA",
      "VILLAMARÍA",
      "VITERBO"
    ]
  },
  {
    "departamento": "CAQUETÁ",
    "codigo": "18",
    "municipios": [
      "ALBANIA",
      "BELÉN DE LOS ANDAQUIES",
      "CARTAGENA DEL CHAIRÁ",
      "CURILLO",
      "EL DONCELLO",
      "EL PAUJIL",
      "FLORENCIA",
      "LA MONTAÑITA",
      "MILÁN",
      "MORELIA",
      "PUERTO RICO",
      "SAN JOSÉ DEL FRAGUA",
      "SAN VICENTE DEL CAGUÁN",
      "SOLANO",
      "SOLITA",
      "VALPARAÍSO"
    ]
  },
  {
    "departamento": "CAUCA",
    "codigo": "19",
    "municipios": [
      "ALMAGUER",
      "ARGELIA",
      "BALBOA",
      "BOLÍVAR",
      "BUENOS AIRES",
      "CAJIBÍO",
      "CALDONO",
      "CALOTO",
      "CORINTO",
      "EL TAMBO",
      "FLORENCIA",
      "GUACHENÉ",
      "GUAPI",
      "INZÁ",
      "JAMBALÓ",
      "LA SIERRA",
      "LA VEGA",
      "LÓPEZ",
      "MERCADERES",
      "MIRANDA",
      "MORALES",
      "PADILLA",
      "PÁEZ",
      "PATÍA",
      "PIAMONTE",
      "PIENDAMÓ",
      "POPAYÁN",
      "PUERTO TEJADA",
      "PURACÉ",
      "ROSAS",
      "SAN SEBASTIÁN",
      "SANTA ROSA",
      "SANTANDER DE QUILICHAO",
      "SILVIA",
      "SOTARA",
      "SUÁREZ",
      "SUCRE",
      "TIMBÍO",
      "TIMBIQUÍ",
      "TORIBIO",
      "TOTORÓ",
      "VILLA RICA"
    ]
  },
  {
    "departamento": "CESAR",
    "codigo": "20",
    "municipios": [
      "AGUACHICA",
      "AGUSTÍN CODAZZI",
      "ASTREA",
      "BECERRIL",
      "BOSCONIA",
      "CHIMICHAGUA",
      "CHIRIGUANÁ",
      "CURUMANÍ",
      "EL COPEY",
      "EL PASO",
      "GAMARRA",
      "GONZÁLEZ",
      "LA GLORIA",
      "LA JAGUA DE IBIRICO",
      "LA PAZ",
      "MANAURE",
      "PAILITAS",
      "PELAYA",
      "PUEBLO BELLO",
      "RÍO DE ORO",
      "SAN ALBERTO",
      "SAN DIEGO",
      "SAN MARTÍN",
      "TAMALAMEQUE",
      "VALLEDUPAR"
    ]
  },
  {
    "departamento": "CÓRDOBA",
    "codigo": "23",
    "municipios": [
      "AYAPEL",
      "BUENAVISTA",
      "CANALETE",
      "CERETÉ",
      "CHIMÁ",
      "CHINÚ",
      "CIÉNAGA DE ORO",
      "COTORRA",
      "LA APARTADA",
      "LORICA",
      "LOS CÓRDOBAS",
      "MOMIL",
      "MONTELÍBANO",
      "MONTERÍA",
      "MOÑITOS",
      "PLANETA RICA",
      "PUEBLO NUEVO",
      "PUERTO ESCONDIDO",
      "PUERTO LIBERTADOR",
      "PURÍSIMA",
      "SAHAGÚN",
      "SAN ANDRÉS SOTAVENTO",
      "SAN ANTERO",
      "SAN BERNARDO DEL VIENTO",
      "SAN CARLOS",
      "SAN JOSÉ DE URÉ",
      "SAN PELAYO",
      "TIERRALTA",
      "TUCHÍN",
      "VALENCIA"
    ]
  },
  {
    "departamento": "CUNDINAMARCA",
    "codigo": "25",
    "municipios": [
      "AGUA DE DIOS",
      "ALBÁN",
      "ANAPOIMA",
      "ANOLAIMA",
      "APULO",
      "ARBELÁEZ",
      "BELTRÁN",
      "BITUIMA",
      "BOJACÁ",
      "CABRERA",
      "CACHIPAY",
      "CAJICÁ",
      "CAPARRAPÍ",
      "CAQUEZA",
      "CARMEN DE CARUPA",
      "CHAGUANÍ",
      "CHÍA",
      "CHIPAQUE",
      "CHOACHÍ",
      "CHOCONTÁ",
      "COGUA",
      "COTA",
      "CUCUNUBÁ",
      "EL COLEGIO",
      "EL PEÑÓN",
      "EL ROSAL",
      "FACATATIVÁ",
      "FOMEQUE",
      "FOSCA",
      "FUNZA",
      "FÚQUENE",
      "FUSAGASUGÁ",
      "GACHALA",
      "GACHANCIPÁ",
      "GACHETÁ",
      "GAMA",
      "GIRARDOT",
      "GRANADA",
      "GUACHETÁ",
      "GUADUAS",
      "GUASCA",
      "GUATAQUÍ",
      "GUATAVITA",
      "GUAYABAL DE SIQUIMA",
      "GUAYABETAL",
      "GUTIÉRREZ",
      "JERUSALÉN",
      "JUNÍN",
      "LA CALERA",
      "LA MESA",
      "LA PALMA",
      "LA PEÑA",
      "LA VEGA",
      "LENGUAZAQUE",
      "MACHETA",
      "MADRID",
      "MANTA",
      "MEDINA",
      "MOSQUERA",
      "NARIÑO",
      "NEMOCÓN",
      "NILO",
      "NIMAIMA",
      "NOCAIMA",
      "PACHO",
      "PAIME",
      "PANDI",
      "PARATEBUENO",
      "PASCA",
      "PUERTO SALGAR",
      "PULÍ",
      "QUEBRADANEGRA",
      "QUETAME",
      "QUIPILE",
      "RICAURTE",
      "SAN ANTONIO DEL TEQUENDAMA",
      "SAN BERNARDO",
      "SAN CAYETANO",
      "SAN FRANCISCO",
      "SAN JUAN DE RÍO SECO",
      "SASAIMA",
      "SESQUILÉ",
      "SIBATÉ",
      "SILVANIA",
      "SIMIJACA",
      "SOACHA",
      "SOPÓ",
      "SUBACHOQUE",
      "SUESCA",
      "SUPATÁ",
      "SUSA",
      "SUTATAUSA",
      "TABIO",
      "TAUSA",
      "TENA",
      "TENJO",
      "TIBACUY",
      "TIBIRITA",
      "TOCAIMA",
      "TOCANCIPÁ",
      "TOPAIPÍ",
      "UBALÁ",
      "UBAQUE",
      "UNE",
      "ÚTICA",
      "VENECIA",
      "VERGARA",
      "VIANÍ",
      "VILLA DE SAN DIEGO DE UBATE",
      "VILLAGÓMEZ",
      "VILLAPINZÓN",
      "VILLETA",
      "VIOTÁ",
      "YACOPÍ",
      "ZIPACÓN",
      "ZIPAQUIRÁ"
    ]
  },
  {
    "departamento": "CHOCÓ",
    "codigo": "27",
    "municipios": [
      "ACANDÍ",
      "ALTO BAUDO",
      "ATRATO",
      "BAGADÓ",
      "BAHÍA SOLANO",
      "BAJO BAUDÓ",
      "BELÉN DE BAJIRA",
      "BOJAYA",
      "CARMEN DEL DARIEN",
      "CÉRTEGUI",
      "CONDOTO",
      "EL CANTÓN DEL SAN PABLO",
      "EL CARMEN DE ATRATO",
      "EL LITORAL DEL SAN JUAN",
      "ISTMINA",
      "JURADÓ",
      "LLORÓ",
      "MEDIO ATRATO",
      "MEDIO BAUDÓ",
      "MEDIO SAN JUAN",
      "NÓVITA",
      "NUQUÍ",
      "QUIBDÓ",
      "RÍO IRO",
      "RÍO QUITO",
      "RIOSUCIO",
      "SAN JOSÉ DEL PALMAR",
      "SIPÍ",
      "TADÓ",
      "UNGUÍA",
      "UNIÓN PANAMERICANA"
    ]
  },
  {
    "departamento": "HUILA",
    "codigo": "41",
    "municipios": [
      "ACEVEDO",
      "AGRADO",
      "AIPE",
      "ALGECIRAS",
      "ALTAMIRA",
      "BARAYA",
      "CAMPOALEGRE",
      "COLOMBIA",
      "ELÍAS",
      "GARZÓN",
      "GIGANTE",
      "GUADALUPE",
      "HOBO",
      "IQUIRA",
      "ISNOS",
      "LA ARGENTINA",
      "LA PLATA",
      "NÁTAGA",
      "NEIVA",
      "OPORAPA",
      "PAICOL",
      "PALERMO",
      "PALESTINA",
      "PITAL",
      "PITALITO",
      "RIVERA",
      "SALADOBLANCO",
      "SAN AGUSTÍN",
      "SANTA MARÍA",
      "SUAZA",
      "TARQUI",
      "TELLO",
      "TERUEL",
      "TESALIA",
      "TIMANÁ",
      "VILLAVIEJA",
      "YAGUARÁ"
    ]
  },
  {
    "departamento": "LA GUAJIRA",
    "codigo": "44",
    "municipios": [
      "ALBANIA",
      "BARRANCAS",
      "DIBULA",
      "DISTRACCIÓN",
      "EL MOLINO",
      "FONSECA",
      "HATONUEVO",
      "LA JAGUA DEL PILAR",
      "MAICAO",
      "MANAURE",
      "RIOHACHA",
      "SAN JUAN DEL CESAR",
      "URIBIA",
      "URUMITA",
      "VILLANUEVA"
    ]
  },
  {
    "departamento": "MAGDALENA",
    "codigo": "47",
    "municipios": [
      "ALGARROBO",
      "ARACATACA",
      "ARIGUANÍ",
      "CERRO SAN ANTONIO",
      "CHIVOLO",
      "CIÉNAGA",
      "CONCORDIA",
      "EL BANCO",
      "EL PIÑON",
      "EL RETÉN",
      "FUNDACIÓN",
      "GUAMAL",
      "NUEVA GRANADA",
      "PEDRAZA",
      "PIJIÑO DEL CARMEN",
      "PIVIJAY",
      "PLATO",
      "PUEBLO VIEJO",
      "REMOLINO",
      "SABANAS DE SAN ANGEL",
      "SALAMINA",
      "SAN SEBASTIÁN DE BUENAVISTA",
      "SAN ZENÓN",
      "SANTA ANA",
      "SANTA BÁRBARA DE PINTO",
      "SANTA MARTA",
      "SITIONUEVO",
      "TENERIFE",
      "ZAPAYÁN",
      "ZONA BANANERA"
    ]
  },
  {
    "departamento": "META",
    "codigo": "50",
    "municipios": [
      "ACACIAS",
      "BARRANCA DE UPÍA",
      "CABUYARO",
      "CASTILLA LA NUEVA",
      "CUBARRAL",
      "CUMARAL",
      "EL CALVARIO",
      "EL CASTILLO",
      "EL DORADO",
      "FUENTE DE ORO",
      "GRANADA",
      "GUAMAL",
      "LA MACARENA",
      "LEJANÍAS",
      "MAPIRIPÁN",
      "MESETAS",
      "PUERTO CONCORDIA",
      "PUERTO GAITÁN",
      "PUERTO LLERAS",
      "PUERTO LÓPEZ",
      "PUERTO RICO",
      "RESTREPO",
      "SAN CARLOS DE GUAROA",
      "SAN JUAN DE ARAMA",
      "SAN JUANITO",
      "SAN MARTÍN",
      "URIBE",
      "VILLAVICENCIO",
      "VISTA HERMOSA"
    ]
  },
  {
    "departamento": "NARIÑO",
    "codigo": "52",
    "municipios": [
      "ALBÁN",
      "ALDANA",
      "ANCUYÁ",
      "ARBOLEDA",
      "BARBACOAS",
      "BELÉN",
      "BUESACO",
      "CHACHAGÜÍ",
      "COLÓN",
      "CONSACA",
      "CONTADERO",
      "CÓRDOBA",
      "CUASPUD",
      "CUMBAL",
      "CUMBITARA",
      "EL CHARCO",
      "EL PEÑOL",
      "EL ROSARIO",
      "EL TABLÓN DE GÓMEZ",
      "EL TAMBO",
      "FRANCISCO PIZARRO",
      "FUNES",
      "GUACHUCAL",
      "GUAITARILLA",
      "GUALMATÁN",
      "ILES",
      "IMUÉS",
      "IPIALES",
      "LA CRUZ",
      "LA FLORIDA",
      "LA LLANADA",
      "LA TOLA",
      "LA UNIÓN",
      "LEIVA",
      "LINARES",
      "LOS ANDES",
      "MAGÜÍ",
      "MALLAMA",
      "MOSQUERA",
      "NARIÑO",
      "OLAYA HERRERA",
      "OSPINA",
      "PASTO",
      "POLICARPA",
      "POTOSÍ",
      "PROVIDENCIA",
      "PUERRES",
      "PUPIALES",
      "RICAURTE",
      "ROBERTO PAYÁN",
      "SAMANIEGO",
      "SAN ANDRÉS DE TUMACO",
      "SAN BERNARDO",
      "SAN LORENZO",
      "SAN PABLO",
      "SAN PEDRO DE CARTAGO",
      "SANDONÁ",
      "SANTA BÁRBARA",
      "SANTACRUZ",
      "SAPUYES",
      "TAMINANGO",
      "TANGUA",
      "TÚQUERRES",
      "YACUANQUER"
    ]
  },
  {
    "departamento": "NORTE DE SANTANDER",
    "codigo": "54",
    "municipios": [
      "ABREGO",
      "ARBOLEDAS",
      "BOCHALEMA",
      "BUCARASICA",
      "CACHIRÁ",
      "CÁCOTA",
      "CHINÁCOTA",
      "CHITAGÁ",
      "CONVENCIÓN",
      "CÚCUTA",
      "CUCUTILLA",
      "DURANIA",
      "EL CARMEN",
      "EL TARRA",
      "EL ZULIA",
      "GRAMALOTE",
      "HACARÍ",
      "HERRÁN",
      "LA ESPERANZA",
      "LA PLAYA",
      "LABATECA",
      "LOS PATIOS",
      "LOURDES",
      "MUTISCUA",
      "OCAÑA",
      "PAMPLONA",
      "PAMPLONITA",
      "PUERTO SANTANDER",
      "RAGONVALIA",
      "SALAZAR",
      "SAN CALIXTO",
      "SAN CAYETANO",
      "SANTIAGO",
      "SARDINATA",
      "SILOS",
      "TEORAMA",
      "TIBÚ",
      "TOLEDO",
      "VILLA CARO",
      "VILLA DEL ROSARIO"
    ]
  },
  {
    "departamento": "QUINDÍO",
    "codigo": "63",
    "municipios": [
      "ARMENIA",
      "BUENAVISTA",
      "CALARCÁ",
      "CIRCASIA",
      "CÓRDOBA",
      "FILANDIA",
      "GÉNOVA",
      "LA TEBAIDA",
      "MONTENEGRO",
      "PIJAO",
      "QUIMBAYA",
      "SALENTO"
    ]
  },
  {
    "departamento": "RISARALDA",
    "codigo": "66",
    "municipios": [
      "APÍA",
      "BALBOA",
      "BELÉN DE UMBRÍA",
      "DOSQUEBRADAS",
      "GUÁTICA",
      "LA CELIA",
      "LA VIRGINIA",
      "MARSELLA",
      "MISTRATÓ",
      "PEREIRA",
      "PUEBLO RICO",
      "QUINCHÍA",
      "SANTA ROSA DE CABAL",
      "SANTUARIO"
    ]
  },
  {
    "departamento": "SANTANDER",
    "codigo": "68",
    "municipios": [
      "AGUADA",
      "ALBANIA",
      "ARATOCA",
      "BARBOSA",
      "BARICHARA",
      "BARRANCABERMEJA",
      "BETULIA",
      "BOLÍVAR",
      "BUCARAMANGA",
      "CABRERA",
      "CALIFORNIA",
      "CAPITANEJO",
      "CARCASÍ",
      "CEPITÁ",
      "CERRITO",
      "CHARALÁ",
      "CHARTA",
      "CHIMÁ",
      "CHIPATÁ",
      "CIMITARRA",
      "CONCEPCIÓN",
      "CONFINES",
      "CONTRATACIÓN",
      "COROMORO",
      "CURITÍ",
      "EL CARMEN DE CHUCURÍ",
      "EL GUACAMAYO",
      "EL PEÑÓN",
      "EL PLAYÓN",
      "ENCINO",
      "ENCISO",
      "FLORIÁN",
      "FLORIDABLANCA",
      "GALÁN",
      "GAMBITA",
      "GIRÓN",
      "GUACA",
      "GUADALUPE",
      "GUAPOTÁ",
      "GUAVATÁ",
      "GÜEPSA",
      "HATO",
      "JESÚS MARÍA",
      "JORDÁN",
      "LA BELLEZA",
      "LA PAZ",
      "LANDÁZURI",
      "LEBRÍJA",
      "LOS SANTOS",
      "MACARAVITA",
      "MÁLAGA",
      "MATANZA",
      "MOGOTES",
      "MOLAGAVITA",
      "OCAMONTE",
      "OIBA",
      "ONZAGA",
      "PALMAR",
      "PALMAS DEL SOCORRO",
      "PÁRAMO",
      "PIEDECUESTA",
      "PINCHOTE",
      "PUENTE NACIONAL",
      "PUERTO PARRA",
      "PUERTO WILCHES",
      "RIONEGRO",
      "SABANA DE TORRES",
      "SAN ANDRÉS",
      "SAN BENITO",
      "SAN GIL",
      "SAN JOAQUÍN",
      "SAN JOSÉ DE MIRANDA",
      "SAN MIGUEL",
      "SAN VICENTE DE CHUCURÍ",
      "SANTA BÁRBARA",
      "SANTA HELENA DEL OPÓN",
      "SIMACOTA",
      "SOCORRO",
      "SUAITA",
      "SUCRE",
      "SURATÁ",
      "TONA",
      "VALLE DE SAN JOSÉ",
      "VÉLEZ",
      "VETAS",
      "VILLANUEVA",
      "ZAPATOCA"
    ]
  },
  {
    "departamento": "SUCRE",
    "codigo": "70",
    "municipios": [
      "BUENAVISTA",
      "CAIMITO",
      "CHALÁN",
      "COLOSO",
      "COROZAL",
      "COVEÑAS",
      "EL ROBLE",
      "GALERAS",
      "GUARANDA",
      "LA UNIÓN",
      "LOS PALMITOS",
      "MAJAGUAL",
      "MORROA",
      "OVEJAS",
      "PALMITO",
      "SAMPUÉS",
      "SAN BENITO ABAD",
      "SAN JUAN DE BETULIA",
      "SAN LUIS DE SINCÉ",
      "SAN MARCOS",
      "SAN ONOFRE",
      "SAN PEDRO",
      "SANTIAGO DE TOLÚ",
      "SINCELEJO",
      "SUCRE",
      "TOLÚ VIEJO"
    ]
  },
  {
    "departamento": "TOLIMA",
    "codigo": "73",
    "municipios": [
      "ALPUJARRA",
      "ALVARADO",
      "AMBALEMA",
      "ANZOÁTEGUI",
      "ARMERO",
      "ATACO",
      "CAJAMARCA",
      "CARMEN DE APICALA",
      "CASABIANCA",
      "CHAPARRAL",
      "COELLO",
      "COYAIMA",
      "CUNDAY",
      "DOLORES",
      "ESPINAL",
      "FALAN",
      "FLANDES",
      "FRESNO",
      "GUAMO",
      "HERVEO",
      "HONDA",
      "IBAGUÉ",
      "ICONONZO",
      "LÉRIDA",
      "LÍBANO",
      "MARIQUITA",
      "MELGAR",
      "MURILLO",
      "NATAGAIMA",
      "ORTEGA",
      "PALOCABILDO",
      "PIEDRAS",
      "PLANADAS",
      "PRADO",
      "PURIFICACIÓN",
      "RIO BLANCO",
      "RONCESVALLES",
      "ROVIRA",
      "SALDAÑA",
      "SAN ANTONIO",
      "SAN LUIS",
      "SANTA ISABEL",
      "SUÁREZ",
      "VALLE DE SAN JUAN",
      "VENADILLO",
      "VILLAHERMOSA",
      "VILLARRICA"
    ]
  },
  {
    "departamento": "VALLE DEL CAUCA",
    "codigo": "76",
    "municipios": [
      "ALCALÁ",
      "ANDALUCÍA",
      "ANSERMANUEVO",
      "ARGELIA",
      "BOLÍVAR",
      "BUENAVENTURA",
      "BUGALAGRANDE",
      "CAICEDONIA",
      "CALI",
      "CALIMA",
      "CANDELARIA",
      "CARTAGO",
      "DAGUA",
      "EL ÁGUILA",
      "EL CAIRO",
      "EL CERRITO",
      "EL DOVIO",
      "FLORIDA",
      "GINEBRA",
      "GUACARÍ",
      "GUADALAJARA DE BUGA",
      "JAMUNDÍ",
      "LA CUMBRE",
      "LA UNIÓN",
      "LA VICTORIA",
      "OBANDO",
      "PALMIRA",
      "PRADERA",
      "RESTREPO",
      "RIOFRÍO",
      "ROLDANILLO",
      "SAN PEDRO",
      "SEVILLA",
      "TORO",
      "TRUJILLO",
      "TULUÁ",
      "ULLOA",
      "VERSALLES",
      "VIJES",
      "YOTOCO",
      "YUMBO",
      "ZARZAL"
    ]
  },
  {
    "departamento": "ARAUCA",
    "codigo": "81",
    "municipios": [
      "ARAUCA",
      "ARAUQUITA",
      "CRAVO NORTE",
      "FORTUL",
      "PUERTO RONDÓN",
      "SARAVENA",
      "TAME"
    ]
  },
  {
    "departamento": "CASANARE",
    "codigo": "85",
    "municipios": [
      "AGUAZUL",
      "CHÁMEZA",
      "HATO COROZAL",
      "LA SALINA",
      "MANÍ",
      "MONTERREY",
      "NUNCHÍA",
      "OROCUÉ",
      "PAZ DE ARIPORO",
      "PORE",
      "RECETOR",
      "SABANALARGA",
      "SÁCAMA",
      "SAN LUIS DE GACENO",
      "TÁMARA",
      "TAURAMENA",
      "TRINIDAD",
      "VILLANUEVA",
      "YOPAL"
    ]
  },
  {
    "departamento": "PUTUMAYO",
    "codigo": "86",
    "municipios": [
      "COLÓN",
      "LEGUÍZAMO",
      "MOCOA",
      "ORITO",
      "PUERTO ASÍS",
      "PUERTO CAICEDO",
      "PUERTO GUZMÁN",
      "SAN FRANCISCO",
      "SAN MIGUEL",
      "SANTIAGO",
      "SIBUNDOY",
      "VALLE DE GUAMEZ",
      "VILLAGARZÓN"
    ]
  },
  {
    "departamento": "ARCHIPIÉLAGO DE SAN ANDRÉS, PROVIDENCIA Y SANTA CATALINA",
    "codigo": "88",
    "municipios": [
      "PROVIDENCIA",
      "SAN ANDRÉS"
    ]
  },
  {
    "departamento": "AMAZONAS",
    "codigo": "91",
    "municipios": [
      "EL ENCANTO",
      "LA CHORRERA",
      "LA PEDRERA",
      "LA VICTORIA",
      "LETICIA",
      "MIRITI PARANÁ",
      "PUERTO ALEGRÍA",
      "PUERTO ARICA",
      "PUERTO NARIÑO",
      "PUERTO SANTANDER",
      "TARAPACÁ"
    ]
  },
  {
    "departamento": "GUAINÍA",
    "codigo": "94",
    "municipios": [
      "BARRANCO MINAS",
      "CACAHUAL",
      "INÍRIDA",
      "LA GUADALUPE",
      "MAPIRIPANA",
      "MORICHAL",
      "PANA PANA",
      "PUERTO COLOMBIA",
      "SAN FELIPE"
    ]
  },
  {
    "departamento": "GUAVIARE",
    "codigo": "95",
    "municipios": [
      "CALAMAR",
      "EL RETORNO",
      "MIRAFLORES",
      "SAN JOSÉ DEL GUAVIARE"
    ]
  },
  {
    "departamento": "VAUPÉS",
    "codigo": "97",
    "municipios": [
      "CARURÚ",
      "MITÚ",
      "PACOA",
      "PAPUNAHUA",
      "TARAIRA",
      "YAVARATÉ"
    ]
  },
  {
    "departamento": "VICHADA",
    "codigo": "99",
    "municipios": [
      "CUMARIBO",
      "LA PRIMAVERA",
      "PUERTO CARREÑO",
      "SANTA ROSALÍA"
    ]
  }
]